Costs,Total,Zone1,Zone2
cTotal,7.564789573160963e7,7.304770641358927e7,0.0
cFix,6.2549201484195694e7,6.2549201484195694e7,0.0
cVar,107141.52697311254,107141.52697312439,0.0
cFuel,9.86061380175539e6,9.860613801755426e6,0.0
cNSE,26.30405035575693,26.30405035575704,0.0
cStart,530723.2966146714,530723.2966146711,0.0
cUnmetRsv,0.0,-,-
cNetworkExp,0.0,-,-
cUnmetPolicyPenalty,0.0056980326066287034,-,-
cCO2,0.0,0.0,0.0
cGridConnection,2.2751437200000003e7,-,-
