Costs,Total,Zone1
cTotal,-1.502973657835069e8,5.0745332315805405e7
cFix,5.0745332268136054e7,5.0745332268136054e7
cVar,0.027451101173157893,0.027451101173168332
cFuel,0.009656845400503884,0.009656845400503898
cNSE,0.002052895333217685,0.0020528953332176886
cStart,0.008508503093634467,0.008508503093634464
cUnmetRsv,0.0,-
cNetworkExp,0.0,-
cUnmetPolicyPenalty,0.0,-
cCO2,0.0,0.0
cGridConnection,0.0,-
