Fuel,AnnualSum
Biomass,0.0037882224405219895
CA_Natural_Gas,0.0014015477825197868
Conventional_DR,0.0003520013446793678
DefaultFuel,0.0
Geothermal,0.08737805593013868
None,0.0
