Fuel,AnnualSum
Biomass,0.0003030096055802431
CA_Natural_Gas,778273.5352342378
Conventional_DR,1824.4140277361469
DefaultFuel,0.0
Geothermal,333318.0016818211
None,0.0
