Status,Solve,Objval
OPTIMAL,134.34400010108948,7.564789573158507e7
