Status,Solve,Objval
OPTIMAL,646.4790000915527,-1.502973657834552e8
